user_id,signup_date,country,device
1,2023-11-24,India,Android
2,2023-02-27,Canada,Android
3,2023-01-13,UK,Web
4,2023-05-21,US,Android
5,2023-05-06,India,Android
6,2023-04-25,India,iOS
7,2023-03-13,India,Android
8,2023-02-22,Germany,iOS
9,2023-12-13,US,Android
10,2023-10-07,UK,Android
11,2023-02-14,India,Android
12,2023-10-30,Canada,Android
13,2023-08-05,Germany,Web
14,2023-01-17,India,Android
15,2023-01-16,India,iOS
16,2023-02-17,India,Android
17,2023-04-22,India,Android
18,2023-04-30,US,Web
19,2023-09-16,India,Android
20,2023-11-05,India,iOS
21,2023-01-14,US,Web
22,2023-10-15,India,iOS
23,2023-04-12,India,Web
24,2023-11-29,India,Android
25,2023-12-26,US,Android
26,2023-10-07,UK,Android
27,2023-08-03,India,iOS
28,2023-04-23,US,Web
29,2023-08-18,US,Android
30,2023-10-29,India,iOS
31,2023-05-23,US,Android
32,2023-01-04,India,iOS
33,2023-03-23,India,Android
34,2023-12-24,Canada,Web
35,2023-08-05,Canada,iOS
36,2023-06-24,Germany,Android
37,2023-05-23,India,Android
38,2023-03-21,India,Android
39,2023-04-21,UK,Android
40,2023-06-22,India,Android
41,2023-02-22,India,Web
42,2023-02-17,US,iOS
43,2023-07-14,India,iOS
44,2023-02-19,Canada,Android
45,2023-07-03,India,Web
46,2023-06-26,UK,iOS
47,2023-11-06,India,Android
48,2023-05-16,US,iOS
49,2023-01-23,US,iOS
50,2023-08-24,India,Android
51,2023-10-02,Canada,Android
52,2023-03-05,UK,Android
53,2023-07-13,Canada,Android
54,2023-02-10,Germany,Web
55,2023-10-10,US,Web
56,2023-05-31,Canada,iOS
57,2023-11-18,India,Android
58,2023-11-13,India,Android
59,2023-07-05,India,iOS
60,2023-10-23,India,iOS
61,2023-04-09,India,Android
62,2023-12-27,India,iOS
63,2023-02-05,Germany,Web
64,2023-01-24,India,Android
65,2023-12-05,India,Android
66,2023-04-27,US,iOS
67,2023-05-29,India,Android
68,2023-02-10,Germany,Android
69,2023-04-30,India,Android
70,2023-02-21,Canada,Android
71,2023-07-14,UK,iOS
72,2023-05-23,India,iOS
73,2023-08-21,India,Android
74,2023-11-22,Germany,Web
75,2023-07-06,UK,Web
76,2023-03-25,UK,Web
77,2023-07-09,UK,Android
78,2023-07-01,India,Android
79,2023-04-18,India,Web
80,2023-12-10,India,iOS
81,2023-05-17,Germany,Android
82,2023-12-26,US,Android
83,2023-12-16,India,Android
84,2023-11-28,India,Web
85,2023-02-06,India,iOS
86,2023-11-08,India,Android
87,2023-11-22,UK,Android
88,2023-03-29,US,iOS
89,2023-10-01,Germany,Web
90,2023-05-06,US,Android
91,2023-03-25,India,iOS
92,2023-08-25,UK,Web
93,2023-07-14,UK,Android
94,2023-05-19,US,iOS
95,2023-11-24,UK,Android
96,2023-12-19,US,iOS
97,2023-10-13,US,iOS
98,2023-04-23,India,iOS
99,2023-12-17,India,iOS
100,2023-06-16,India,Android
101,2023-01-29,India,Web
102,2023-04-28,US,iOS
103,2023-01-17,India,Android
104,2023-06-11,US,iOS
105,2023-07-25,Canada,iOS
106,2023-05-18,India,Android
107,2023-02-03,India,Web
108,2023-04-19,UK,Web
109,2023-10-18,India,Android
110,2023-06-11,India,Web
111,2023-04-19,India,Android
112,2023-12-02,India,Android
113,2023-09-13,Canada,Android
114,2023-07-22,Germany,Web
115,2023-11-26,US,iOS
116,2023-08-23,Germany,Android
117,2023-03-15,Germany,Android
118,2023-05-16,India,iOS
119,2023-03-13,Germany,Android
120,2023-05-07,US,Web
121,2023-10-15,Germany,Web
122,2023-10-03,Germany,iOS
123,2023-05-15,India,Web
124,2023-10-27,India,Android
125,2023-08-08,India,Web
126,2023-10-26,India,iOS
127,2023-07-24,Germany,iOS
128,2023-07-05,Germany,Android
129,2023-04-23,India,Web
130,2023-03-12,US,Android
131,2023-09-18,India,Android
132,2023-09-10,India,Android
133,2023-02-16,India,iOS
134,2023-01-25,India,iOS
135,2023-02-26,Canada,iOS
136,2023-03-20,India,Web
137,2023-11-18,US,Android
138,2023-03-23,UK,iOS
139,2023-12-15,India,Android
140,2023-08-05,Canada,Web
141,2023-11-02,Canada,Web
142,2023-02-02,India,iOS
143,2023-07-17,US,iOS
144,2023-07-15,India,Android
145,2023-11-02,India,Android
146,2023-08-28,India,Web
147,2023-09-28,US,Android
148,2023-05-09,US,Android
149,2023-10-11,India,Android
150,2023-01-06,India,Web
151,2023-12-15,Canada,Android
152,2023-02-28,India,Android
153,2023-12-16,India,iOS
154,2023-10-02,US,Web
155,2023-05-17,Canada,Android
156,2023-11-25,India,Android
157,2023-06-24,UK,Android
158,2023-02-27,UK,Android
159,2023-05-31,India,Android
160,2023-08-11,UK,iOS
161,2023-03-22,India,iOS
162,2023-08-21,US,iOS
163,2023-01-02,US,Android
164,2023-05-15,US,Web
165,2023-09-14,India,Android
166,2023-04-02,Germany,Web
167,2023-09-17,India,iOS
168,2023-02-24,India,Android
169,2023-11-17,India,iOS
170,2023-06-02,US,Android
171,2023-11-24,UK,iOS
172,2023-09-17,India,Android
173,2023-11-08,US,Android
174,2023-04-12,India,Web
175,2023-03-20,US,Android
176,2023-07-11,India,Web
177,2023-03-24,UK,Android
178,2023-10-04,India,iOS
179,2023-09-29,Canada,iOS
180,2023-01-01,India,iOS
181,2023-11-03,India,Android
182,2023-06-15,India,Android
183,2023-09-08,Canada,Android
184,2023-01-10,Germany,Android
185,2023-02-27,India,iOS
186,2023-07-05,UK,Web
187,2023-06-07,Germany,Web
188,2023-05-03,US,iOS
189,2023-01-30,US,iOS
190,2023-05-04,India,iOS
191,2023-10-18,India,Android
192,2023-02-10,Germany,Web
193,2023-02-13,Canada,iOS
194,2023-09-06,US,iOS
195,2023-02-05,India,Android
196,2023-09-30,India,Android
197,2023-03-06,UK,Android
198,2023-03-07,Germany,Web
199,2023-12-04,Germany,iOS
200,2023-09-01,UK,Android
201,2023-10-09,US,Web
202,2023-03-26,India,Android
203,2023-05-16,India,Android
204,2023-09-28,Germany,Android
205,2023-11-07,US,iOS
206,2023-08-05,India,Web
207,2023-04-19,India,Android
208,2023-10-04,UK,Web
209,2023-12-20,India,Android
210,2023-04-13,India,Web
211,2023-06-09,US,iOS
212,2023-07-24,UK,Web
213,2023-12-10,UK,Android
214,2023-11-29,India,Web
215,2023-07-11,UK,iOS
216,2023-08-13,India,Android
217,2023-09-22,India,Web
218,2023-08-20,UK,Android
219,2023-03-03,US,Web
220,2023-05-07,Germany,Android
221,2023-04-26,UK,iOS
222,2023-02-02,US,iOS
223,2023-06-23,India,Android
224,2023-01-11,India,Android
225,2023-10-29,India,Android
226,2023-10-11,India,Android
227,2023-04-28,Canada,Android
228,2023-10-29,India,iOS
229,2023-04-23,Germany,Android
230,2023-01-04,US,Android
231,2023-02-06,UK,iOS
232,2023-12-29,US,Android
233,2023-11-20,US,Web
234,2023-01-31,US,Web
235,2023-04-28,India,iOS
236,2023-02-04,UK,iOS
237,2023-01-17,India,Web
238,2023-06-19,India,Android
239,2023-02-06,US,Android
240,2023-09-21,India,Android
241,2023-05-02,Canada,iOS
242,2023-05-23,Canada,Android
243,2023-12-09,Canada,iOS
244,2023-09-06,India,Web
245,2023-04-20,India,Web
246,2023-10-04,Canada,iOS
247,2023-03-09,India,Android
248,2023-10-20,Canada,Web
249,2023-10-23,Canada,iOS
250,2023-08-31,Germany,Android
251,2023-05-05,India,Android
252,2023-08-31,India,Web
253,2023-07-28,Germany,iOS
254,2023-04-08,India,Web
255,2023-02-18,India,Web
256,2023-02-19,US,iOS
257,2023-12-04,Canada,iOS
258,2023-08-09,UK,Android
259,2023-07-01,US,Android
260,2023-08-05,India,Android
261,2023-07-30,US,iOS
262,2023-08-28,Canada,iOS
263,2023-01-28,India,Web
264,2023-12-11,US,Android
265,2023-12-01,Germany,iOS
266,2023-11-27,UK,iOS
267,2023-02-20,UK,iOS
268,2023-02-01,UK,iOS
269,2023-07-26,India,Android
270,2023-06-23,India,iOS
271,2023-02-25,Germany,Android
272,2023-05-08,Germany,Android
273,2023-04-09,Germany,Android
274,2023-04-08,Canada,iOS
275,2023-10-02,US,Web
276,2023-08-18,US,iOS
277,2023-03-13,UK,iOS
278,2023-08-05,US,iOS
279,2023-04-04,UK,iOS
280,2023-05-23,UK,Android
281,2023-08-25,Germany,Android
282,2023-05-08,India,Android
283,2023-02-08,India,Android
284,2023-08-15,India,Android
285,2023-10-09,US,Android
286,2023-02-20,India,Android
287,2023-01-26,US,Web
288,2023-11-30,US,Android
289,2023-10-04,India,Android
290,2023-01-08,US,Android
291,2023-02-17,India,iOS
292,2023-05-02,India,Android
293,2023-03-27,Germany,Android
294,2023-07-28,India,iOS
295,2023-09-06,India,Android
296,2023-09-04,US,Android
297,2023-04-20,UK,Android
298,2023-07-25,India,Android
299,2023-01-31,US,Android
300,2023-03-26,India,Android
301,2023-07-14,India,Web
302,2023-01-02,US,iOS
303,2023-07-19,US,iOS
304,2023-05-16,US,Android
305,2023-08-21,UK,Web
306,2023-05-27,Canada,Android
307,2023-08-05,US,Android
308,2023-12-23,India,iOS
309,2023-10-12,UK,Android
310,2023-12-05,India,Android
311,2023-09-07,India,iOS
312,2023-03-21,India,Web
313,2023-04-08,India,Android
314,2023-06-01,Canada,iOS
315,2023-04-22,Germany,Web
316,2023-01-30,UK,Android
317,2023-10-24,India,Android
318,2023-10-05,India,Android
319,2023-02-01,India,Android
320,2023-06-10,India,Android
321,2023-01-30,US,Web
322,2023-01-26,UK,iOS
323,2023-10-27,UK,iOS
324,2023-09-02,India,Android
325,2023-09-15,Canada,Web
326,2023-09-29,UK,Web
327,2023-03-22,US,Web
328,2023-01-30,US,Android
329,2023-09-18,India,iOS
330,2023-02-11,India,Android
331,2023-04-06,India,Android
332,2023-02-05,UK,Android
333,2023-11-01,India,iOS
334,2023-02-04,India,iOS
335,2023-12-12,India,Android
336,2023-05-01,India,Android
337,2023-07-26,Germany,Android
338,2023-03-03,UK,Android
339,2023-10-19,US,Android
340,2023-05-07,India,Android
341,2023-10-24,US,iOS
342,2023-11-01,US,Android
343,2023-01-21,India,Android
344,2023-11-14,India,Android
345,2023-02-11,India,Web
346,2023-08-03,US,iOS
347,2023-12-03,US,iOS
348,2023-10-26,India,Android
349,2023-10-17,India,iOS
350,2023-09-25,US,Android
351,2023-06-11,US,iOS
352,2023-05-14,Germany,Web
353,2023-04-15,UK,iOS
354,2023-12-09,India,Web
355,2023-06-10,India,iOS
356,2023-05-03,US,Android
357,2023-05-16,India,Web
358,2023-07-22,US,Android
359,2023-03-09,Canada,iOS
360,2023-12-10,US,Android
361,2023-11-27,India,Android
362,2023-06-03,US,Android
363,2023-08-23,US,Android
364,2023-06-11,US,Android
365,2023-02-07,Canada,iOS
366,2023-01-05,India,Android
367,2023-08-23,Canada,Android
368,2023-11-15,Canada,iOS
369,2023-10-16,India,Android
370,2023-02-21,India,iOS
371,2023-02-07,India,iOS
372,2023-10-03,India,Web
373,2023-04-20,India,iOS
374,2023-09-17,UK,Android
375,2023-05-16,India,iOS
376,2023-03-09,India,Android
377,2023-06-28,Germany,Android
378,2023-02-05,India,iOS
379,2023-05-06,Germany,Android
380,2023-07-09,India,iOS
381,2023-05-26,India,Web
382,2023-03-22,UK,Web
383,2023-08-13,US,Web
384,2023-10-06,Germany,Android
385,2023-12-27,UK,Android
386,2023-06-04,Germany,iOS
387,2023-11-10,India,Android
388,2023-12-01,India,iOS
389,2023-09-28,UK,iOS
390,2023-01-05,Germany,iOS
391,2023-12-08,Canada,Android
392,2023-10-11,India,Android
393,2023-06-03,India,Android
394,2023-12-06,UK,Android
395,2023-02-23,India,Web
396,2023-03-10,Canada,Android
397,2023-05-16,Germany,Android
398,2023-03-01,India,Android
399,2023-02-24,UK,iOS
400,2023-10-11,UK,iOS
401,2023-03-21,India,Android
402,2023-05-20,Canada,Android
403,2023-05-25,US,Android
404,2023-11-06,Germany,Android
405,2023-04-18,India,iOS
406,2023-06-25,Germany,iOS
407,2023-04-15,India,Android
408,2023-12-18,India,Android
409,2023-11-21,Canada,Web
410,2023-05-16,India,Android
411,2023-09-16,India,iOS
412,2023-09-08,Canada,Android
413,2023-05-09,Canada,Android
414,2023-01-27,US,Android
415,2023-02-17,US,iOS
416,2023-11-21,India,Web
417,2023-08-05,India,Android
418,2023-05-22,India,Android
419,2023-01-23,UK,Android
420,2023-01-02,UK,Android
421,2023-06-20,UK,Android
422,2023-03-08,UK,Android
423,2023-11-23,India,iOS
424,2023-05-15,US,Android
425,2023-03-24,India,Android
426,2023-08-15,US,Web
427,2023-10-10,India,Android
428,2023-12-28,Germany,Web
429,2023-08-07,India,Android
430,2023-10-15,India,Web
431,2023-01-05,India,iOS
432,2023-02-27,UK,Web
433,2023-02-08,US,Web
434,2023-12-20,India,Android
435,2023-03-18,India,Web
436,2023-10-07,UK,Android
437,2023-01-19,India,Android
438,2023-07-09,Germany,Android
439,2023-10-26,UK,iOS
440,2023-10-10,India,Android
441,2023-03-17,India,iOS
442,2023-08-09,Canada,iOS
443,2023-03-07,India,iOS
444,2023-01-22,India,Web
445,2023-06-07,Germany,Android
446,2023-07-06,Canada,Android
447,2023-01-21,Canada,Android
448,2023-07-03,UK,Android
449,2023-04-18,India,Android
450,2023-12-16,India,Android
451,2023-05-08,UK,Android
452,2023-12-08,US,Web
453,2023-02-22,India,iOS
454,2023-07-01,Canada,Android
455,2023-10-14,India,iOS
456,2023-07-28,US,Android
457,2023-11-14,India,Android
458,2023-03-21,US,iOS
459,2023-05-02,India,Android
460,2023-03-25,India,Android
461,2023-04-01,India,Web
462,2023-07-31,US,Web
463,2023-01-13,UK,iOS
464,2023-04-02,US,iOS
465,2023-06-20,Canada,iOS
466,2023-07-30,India,Android
467,2023-12-09,India,Android
468,2023-05-08,Germany,Android
469,2023-05-17,India,Android
470,2023-03-23,Canada,iOS
471,2023-12-26,India,Android
472,2023-02-25,Canada,Web
473,2023-07-15,India,Web
474,2023-01-20,Germany,iOS
475,2023-08-29,US,iOS
476,2023-04-24,Canada,Web
477,2023-04-13,India,Android
478,2023-08-24,US,iOS
479,2023-06-29,Canada,Android
480,2023-06-06,US,iOS
481,2023-04-27,US,Android
482,2023-04-25,UK,Web
483,2023-01-13,US,Web
484,2023-12-04,US,Android
485,2023-04-09,US,Android
486,2023-07-24,Canada,Web
487,2023-06-18,India,Android
488,2023-05-23,India,Web
489,2023-02-05,Canada,iOS
490,2023-05-23,Germany,Android
491,2023-06-29,US,Android
492,2023-11-25,US,Android
493,2023-09-18,India,iOS
494,2023-07-24,India,Android
495,2023-12-14,US,iOS
496,2023-10-02,India,Android
497,2023-06-19,US,iOS
498,2023-01-15,India,Web
499,2023-03-01,Canada,Web
500,2023-05-14,Canada,Android
501,2023-04-02,UK,Web
502,2023-10-25,US,iOS
503,2023-05-16,India,iOS
504,2023-01-20,Germany,Web
505,2023-02-25,UK,Android
506,2023-11-02,India,Android
507,2023-08-11,Canada,Web
508,2023-06-26,Germany,Android
509,2023-06-10,Canada,Web
510,2023-08-12,UK,Web
511,2023-11-07,US,Android
512,2023-09-19,India,Web
513,2023-03-01,Canada,Android
514,2023-07-17,Germany,iOS
515,2023-10-23,India,iOS
516,2023-04-08,India,Web
517,2023-05-11,India,Android
518,2023-01-23,Germany,Android
519,2023-12-29,Canada,iOS
520,2023-08-12,India,iOS
521,2023-01-01,US,iOS
522,2023-09-24,India,Android
523,2023-10-03,Canada,Android
524,2023-12-18,Germany,Android
525,2023-12-10,Germany,Web
526,2023-04-11,US,Android
527,2023-07-06,India,Android
528,2023-08-09,India,Web
529,2023-02-05,India,Android
530,2023-12-07,Germany,Web
531,2023-06-19,Germany,iOS
532,2023-11-16,Canada,Web
533,2023-06-10,Canada,Android
534,2023-12-06,US,Android
535,2023-03-05,UK,iOS
536,2023-06-03,Canada,Web
537,2023-09-17,Germany,iOS
538,2023-06-08,India,Android
539,2023-12-08,US,iOS
540,2023-07-29,India,iOS
541,2023-06-17,Canada,iOS
542,2023-07-26,US,iOS
543,2023-12-23,India,Web
544,2023-06-01,UK,iOS
545,2023-10-11,US,Android
546,2023-03-07,India,Android
547,2023-04-09,India,Android
548,2023-08-04,UK,Android
549,2023-12-07,US,Android
550,2023-07-14,UK,Android
551,2023-12-13,US,Android
552,2023-03-31,Germany,Android
553,2023-11-12,US,Web
554,2023-10-19,US,Web
555,2023-06-04,Germany,Android
556,2023-07-27,India,Web
557,2023-10-08,India,iOS
558,2023-01-01,India,Android
559,2023-06-05,UK,Android
560,2023-05-27,US,iOS
561,2023-04-18,UK,iOS
562,2023-08-09,India,iOS
563,2023-10-24,India,Android
564,2023-11-07,India,Android
565,2023-12-02,India,Android
566,2023-06-14,US,Android
567,2023-08-27,India,Android
568,2023-08-15,India,Android
569,2023-08-15,Canada,Web
570,2023-12-12,India,Web
571,2023-04-20,US,Android
572,2023-09-19,UK,Web
573,2023-08-31,India,Android
574,2023-03-28,US,Android
575,2023-12-04,Germany,Android
576,2023-02-13,Canada,iOS
577,2023-05-26,India,Web
578,2023-09-21,Canada,iOS
579,2023-12-06,US,Android
580,2023-11-21,India,iOS
581,2023-11-14,US,Android
582,2023-06-21,Canada,Web
583,2023-02-17,US,iOS
584,2023-05-01,India,Android
585,2023-12-11,US,iOS
586,2023-06-08,India,iOS
587,2023-04-26,India,Android
588,2023-04-12,India,iOS
589,2023-03-17,India,Android
590,2023-01-13,India,iOS
591,2023-01-24,India,Web
592,2023-05-06,US,Web
593,2023-09-01,India,iOS
594,2023-11-09,India,iOS
595,2023-02-07,Germany,Android
596,2023-08-22,US,iOS
597,2023-08-01,UK,Android
598,2023-11-19,India,Android
599,2023-10-22,India,Android
600,2023-04-10,India,Android
601,2023-12-23,India,iOS
602,2023-07-16,India,Android
603,2023-09-11,India,iOS
604,2023-07-24,India,Android
605,2023-05-05,India,Android
606,2023-03-17,US,iOS
607,2023-12-02,India,Android
608,2023-12-19,India,Android
609,2023-01-03,US,iOS
610,2023-02-24,UK,Android
611,2023-08-06,India,Web
612,2023-04-23,UK,Android
613,2023-04-01,US,Android
614,2023-12-23,India,iOS
615,2023-09-23,Germany,Android
616,2023-08-26,Canada,Android
617,2023-01-26,India,Android
618,2023-10-13,India,Android
619,2023-05-08,Germany,Web
620,2023-03-04,UK,Android
621,2023-08-22,India,iOS
622,2023-03-10,India,Web
623,2023-08-26,India,Android
624,2023-12-08,US,Web
625,2023-09-29,US,Android
626,2023-10-14,India,Web
627,2023-11-01,US,Android
628,2023-06-12,UK,iOS
629,2023-08-15,India,Android
630,2023-11-10,India,Android
631,2023-09-16,UK,iOS
632,2023-08-07,Germany,iOS
633,2023-10-08,US,Android
634,2023-08-17,US,Android
635,2023-03-23,India,iOS
636,2023-09-01,India,iOS
637,2023-08-19,US,Web
638,2023-05-13,India,iOS
639,2023-05-07,India,Web
640,2023-11-23,India,iOS
641,2023-05-22,India,Android
642,2023-09-24,India,Android
643,2023-09-06,India,iOS
644,2023-11-17,India,iOS
645,2023-05-03,India,Android
646,2023-05-21,Germany,Android
647,2023-08-14,US,Web
648,2023-02-09,UK,iOS
649,2023-05-27,UK,Android
650,2023-05-01,US,Android
651,2023-05-20,India,Android
652,2023-06-21,US,Android
653,2023-06-13,US,Android
654,2023-10-04,UK,Android
655,2023-02-11,India,iOS
656,2023-03-12,India,Android
657,2023-03-19,India,Web
658,2023-04-29,India,Web
659,2023-07-16,US,Android
660,2023-12-22,US,iOS
661,2023-03-20,India,Android
662,2023-12-28,Canada,Web
663,2023-04-20,US,Android
664,2023-02-02,India,iOS
665,2023-08-01,India,iOS
666,2023-07-28,India,Android
667,2023-06-19,India,Android
668,2023-10-05,India,iOS
669,2023-08-27,India,iOS
670,2023-08-01,India,Android
671,2023-02-01,India,iOS
672,2023-04-16,Germany,Android
673,2023-08-04,India,iOS
674,2023-07-19,US,Android
675,2023-10-27,India,Web
676,2023-12-23,Canada,Android
677,2023-01-11,India,Android
678,2023-10-22,India,Android
679,2023-07-14,Canada,Android
680,2023-09-02,Germany,iOS
681,2023-01-04,Germany,Android
682,2023-06-30,India,Web
683,2023-06-02,India,Android
684,2023-07-19,UK,Android
685,2023-08-03,Canada,Android
686,2023-10-03,US,Android
687,2023-10-07,US,Android
688,2023-11-05,India,Android
689,2023-04-23,UK,Android
690,2023-09-07,India,Android
691,2023-04-23,India,iOS
692,2023-05-20,India,iOS
693,2023-08-12,US,Android
694,2023-09-06,India,Android
695,2023-01-15,India,Web
696,2023-07-19,US,iOS
697,2023-06-22,India,iOS
698,2023-12-09,US,Android
699,2023-12-14,India,iOS
700,2023-07-27,US,iOS
701,2023-03-26,US,iOS
702,2023-08-28,India,Web
703,2023-03-07,India,Android
704,2023-11-15,India,Android
705,2023-10-01,India,iOS
706,2023-01-14,Canada,Web
707,2023-07-21,India,Android
708,2023-10-31,Germany,Android
709,2023-10-16,India,Android
710,2023-12-06,UK,Android
711,2023-01-14,UK,iOS
712,2023-02-12,US,iOS
713,2023-11-26,US,Android
714,2023-08-08,India,Android
715,2023-03-11,India,Android
716,2023-08-25,Canada,Android
717,2023-04-04,Germany,iOS
718,2023-01-26,Canada,Web
719,2023-05-14,India,Web
720,2023-07-14,UK,Android
721,2023-06-17,Canada,Web
722,2023-04-19,India,iOS
723,2023-08-21,India,iOS
724,2023-06-17,UK,Android
725,2023-06-22,US,Android
726,2023-07-14,Germany,Android
727,2023-05-23,India,Android
728,2023-08-04,UK,Android
729,2023-05-10,India,Android
730,2023-02-11,India,Android
731,2023-08-29,India,iOS
732,2023-01-10,Germany,Android
733,2023-10-04,UK,Android
734,2023-01-27,US,Web
735,2023-06-29,India,Web
736,2023-04-25,Germany,iOS
737,2023-11-29,India,Web
738,2023-02-05,Germany,iOS
739,2023-11-30,India,Web
740,2023-01-21,India,Android
741,2023-01-16,US,Android
742,2023-05-07,India,Android
743,2023-04-13,UK,Android
744,2023-01-11,US,Android
745,2023-11-15,India,iOS
746,2023-03-20,Germany,iOS
747,2023-05-03,India,iOS
748,2023-03-06,US,Android
749,2023-08-31,Canada,Web
750,2023-12-09,US,iOS
751,2023-02-28,India,Android
752,2023-10-16,Canada,iOS
753,2023-04-22,US,Android
754,2023-08-27,India,Android
755,2023-12-25,India,Web
756,2023-05-12,UK,Android
757,2023-07-08,US,Android
758,2023-03-27,US,Web
759,2023-11-07,Germany,iOS
760,2023-11-07,UK,Android
761,2023-02-28,India,Android
762,2023-03-25,India,Android
763,2023-06-09,India,iOS
764,2023-02-25,UK,Android
765,2023-10-24,India,Android
766,2023-01-14,US,Web
767,2023-06-09,UK,iOS
768,2023-10-22,Germany,Android
769,2023-12-13,India,iOS
770,2023-07-12,Germany,iOS
771,2023-07-23,India,Android
772,2023-04-12,Germany,Android
773,2023-02-08,India,Web
774,2023-10-31,India,Android
775,2023-12-20,UK,iOS
776,2023-11-18,India,Android
777,2023-05-05,India,Android
778,2023-02-22,UK,Android
779,2023-12-23,UK,Android
780,2023-06-04,US,Android
781,2023-12-17,UK,Android
782,2023-11-04,US,Web
783,2023-03-03,India,Web
784,2023-10-17,India,iOS
785,2023-01-22,India,Web
786,2023-06-27,Canada,Android
787,2023-09-30,US,Web
788,2023-08-08,India,Android
789,2023-12-05,US,Web
790,2023-07-09,Canada,Web
791,2023-02-05,India,iOS
792,2023-09-17,US,Web
793,2023-11-28,US,iOS
794,2023-06-24,US,Android
795,2023-01-07,India,Android
796,2023-08-04,Germany,iOS
797,2023-09-08,Canada,Android
798,2023-02-24,US,iOS
799,2023-08-10,UK,Web
800,2023-07-05,Canada,Android
801,2023-11-22,UK,iOS
802,2023-08-24,India,Web
803,2023-12-29,US,Web
804,2023-03-20,US,Web
805,2023-08-11,India,iOS
806,2023-04-01,UK,Web
807,2023-09-25,Canada,iOS
808,2023-11-30,Canada,Android
809,2023-05-19,US,Android
810,2023-11-12,India,iOS
811,2023-10-03,Canada,Android
812,2023-09-05,Germany,iOS
813,2023-08-27,India,iOS
814,2023-08-12,Canada,Android
815,2023-10-31,Germany,iOS
816,2023-05-18,US,iOS
817,2023-06-15,US,Android
818,2023-05-06,India,Android
819,2023-02-14,India,Android
820,2023-05-23,India,Android
821,2023-08-19,Germany,Web
822,2023-05-05,India,Android
823,2023-08-26,India,iOS
824,2023-10-19,India,Android
825,2023-11-09,US,Android
826,2023-12-09,Canada,Web
827,2023-07-14,India,iOS
828,2023-06-22,India,Android
829,2023-01-15,UK,Android
830,2023-09-11,US,Android
831,2023-06-16,India,Android
832,2023-04-04,US,iOS
833,2023-09-07,India,Android
834,2023-04-19,India,Android
835,2023-07-01,US,Android
836,2023-05-13,India,Web
837,2023-06-24,Canada,Web
838,2023-05-24,India,Android
839,2023-11-02,US,iOS
840,2023-12-26,US,Android
841,2023-05-22,India,Android
842,2023-10-12,UK,iOS
843,2023-01-06,India,Web
844,2023-09-22,Canada,Web
845,2023-04-08,India,iOS
846,2023-02-13,India,Android
847,2023-05-04,India,iOS
848,2023-07-28,Canada,Android
849,2023-09-08,US,iOS
850,2023-10-12,US,Android
851,2023-05-04,India,iOS
852,2023-12-20,UK,Android
853,2023-09-01,India,Android
854,2023-11-27,Germany,Web
855,2023-12-31,India,Android
856,2023-09-09,India,iOS
857,2023-08-18,India,Android
858,2023-01-09,US,Android
859,2023-02-17,US,Android
860,2023-05-31,India,Android
861,2023-04-24,UK,Web
862,2023-07-27,US,Android
863,2023-12-21,US,Web
864,2023-05-05,India,iOS
865,2023-06-06,India,Android
866,2023-12-06,US,iOS
867,2023-10-25,India,iOS
868,2023-07-08,India,iOS
869,2023-08-31,Germany,Android
870,2023-10-11,Canada,Android
871,2023-09-29,India,Web
872,2023-06-26,India,Web
873,2023-08-06,US,Web
874,2023-10-09,India,Android
875,2023-06-19,India,iOS
876,2023-06-30,India,Android
877,2023-12-26,UK,Android
878,2023-08-21,UK,Android
879,2023-05-19,India,iOS
880,2023-06-06,India,Android
881,2023-05-09,India,Android
882,2023-04-29,UK,Web
883,2023-03-03,India,Android
884,2023-04-09,India,Android
885,2023-06-11,UK,Android
886,2023-03-03,India,Web
887,2023-10-02,UK,iOS
888,2023-12-20,India,Android
889,2023-04-05,India,Web
890,2023-04-09,India,Web
891,2023-04-21,UK,Android
892,2023-09-05,Germany,iOS
893,2023-05-22,Germany,iOS
894,2023-10-29,India,iOS
895,2023-09-26,UK,Android
896,2023-11-02,India,Web
897,2023-05-25,India,iOS
898,2023-02-21,Germany,Android
899,2023-04-10,India,Android
900,2023-06-01,India,Android
901,2023-04-27,India,Android
902,2023-07-04,India,iOS
903,2023-04-02,India,Android
904,2023-06-04,US,Android
905,2023-01-08,India,iOS
906,2023-12-29,Germany,Android
907,2023-10-01,Germany,Web
908,2023-03-06,India,Android
909,2023-05-21,India,Android
910,2023-01-24,India,Android
911,2023-01-28,US,Android
912,2023-10-11,India,Android
913,2023-05-30,US,iOS
914,2023-12-24,India,Web
915,2023-03-06,US,Android
916,2023-11-23,India,iOS
917,2023-09-09,India,iOS
918,2023-02-22,Canada,Web
919,2023-01-07,UK,Android
920,2023-10-21,India,Android
921,2023-05-26,Germany,Android
922,2023-08-29,US,iOS
923,2023-09-03,Germany,Web
924,2023-08-14,UK,Android
925,2023-06-24,India,Android
926,2023-04-05,India,Web
927,2023-01-27,India,Web
928,2023-05-10,US,Web
929,2023-09-02,US,iOS
930,2023-02-28,India,Android
931,2023-02-03,India,iOS
932,2023-07-25,Germany,iOS
933,2023-09-09,Canada,Android
934,2023-02-07,US,iOS
935,2023-10-23,India,iOS
936,2023-11-19,India,Android
937,2023-12-18,India,iOS
938,2023-01-28,Canada,iOS
939,2023-03-19,India,Web
940,2023-03-18,US,Android
941,2023-10-16,India,Android
942,2023-06-05,US,iOS
943,2023-02-13,UK,Android
944,2023-05-08,Germany,iOS
945,2023-03-02,India,iOS
946,2023-10-13,India,Android
947,2023-08-02,India,iOS
948,2023-11-07,Canada,iOS
949,2023-11-02,Germany,Android
950,2023-11-13,US,Web
951,2023-04-26,US,Web
952,2023-09-25,UK,iOS
953,2023-07-14,India,iOS
954,2023-08-19,Canada,Android
955,2023-08-15,India,Web
956,2023-06-02,India,iOS
957,2023-10-29,US,iOS
958,2023-08-08,India,Web
959,2023-06-06,India,Android
960,2023-10-19,UK,Web
961,2023-11-14,India,Android
962,2023-01-31,US,Android
963,2023-11-09,India,Android
964,2023-02-20,India,Web
965,2023-04-17,India,Web
966,2023-11-17,India,iOS
967,2023-04-19,UK,iOS
968,2023-05-16,India,iOS
969,2023-12-05,US,Web
970,2023-02-11,US,Android
971,2023-03-22,UK,Android
972,2023-05-03,Canada,Android
973,2023-03-30,UK,iOS
974,2023-10-10,India,iOS
975,2023-02-08,India,Android
976,2023-03-22,India,Android
977,2023-01-02,US,Web
978,2023-07-29,India,Android
979,2023-08-19,US,iOS
980,2023-12-19,US,Web
981,2023-11-01,India,Android
982,2023-08-29,UK,Android
983,2023-05-30,India,iOS
984,2023-01-17,India,Web
985,2023-04-29,UK,iOS
986,2023-05-28,US,Web
987,2023-12-28,UK,Android
988,2023-05-25,India,iOS
989,2023-12-26,India,iOS
990,2023-08-21,Germany,Web
991,2023-02-06,UK,Android
992,2023-12-18,UK,Web
993,2023-04-30,India,iOS
994,2023-05-16,US,Android
995,2023-11-17,India,Android
996,2023-10-29,India,Web
997,2023-12-05,Canada,Android
998,2023-04-12,India,Android
999,2023-08-06,Canada,Android
1000,2023-02-28,India,Web
1001,2023-10-06,India,iOS
1002,2023-04-26,US,iOS
1003,2023-11-28,Germany,Android
1004,2023-03-18,UK,iOS
1005,2023-05-17,Germany,iOS
1006,2023-03-14,UK,Web
1007,2023-02-06,UK,Web
1008,2023-01-31,Germany,Android
1009,2023-03-26,India,iOS
1010,2023-06-07,US,Android
1011,2023-11-01,India,iOS
1012,2023-10-19,Canada,Android
1013,2023-05-28,Canada,Android
1014,2023-08-13,India,Android
1015,2023-03-05,UK,iOS
1016,2023-08-28,Canada,Android
1017,2023-12-19,India,iOS
1018,2023-06-05,US,Android
1019,2023-12-25,Canada,Android
1020,2023-07-26,India,iOS
1021,2023-05-20,UK,Android
1022,2023-09-14,India,Android
1023,2023-10-04,Canada,iOS
1024,2023-09-10,Canada,Android
1025,2023-08-13,Canada,Android
1026,2023-02-11,US,Android
1027,2023-11-03,Germany,Web
1028,2023-01-21,Germany,iOS
1029,2023-08-10,India,iOS
1030,2023-06-15,Germany,iOS
1031,2023-11-06,India,Android
1032,2023-05-09,US,Android
1033,2023-01-14,India,iOS
1034,2023-02-16,India,Android
1035,2023-04-28,India,Android
1036,2023-12-12,UK,Android
1037,2023-10-22,India,Android
1038,2023-10-28,UK,Web
1039,2023-01-11,India,Android
1040,2023-12-11,India,iOS
1041,2023-05-18,US,Android
1042,2023-10-23,UK,Web
1043,2023-01-21,India,Android
1044,2023-03-31,US,Android
1045,2023-08-29,Germany,iOS
1046,2023-09-23,US,iOS
1047,2023-11-30,India,Android
1048,2023-08-15,India,Android
1049,2023-05-23,Germany,Android
1050,2023-04-03,India,Android
1051,2023-10-27,Germany,Android
1052,2023-08-12,US,Android
1053,2023-11-22,Canada,Android
1054,2023-09-09,UK,Android
1055,2023-02-16,Canada,iOS
1056,2023-08-29,India,Web
1057,2023-06-28,UK,iOS
1058,2023-07-29,India,Android
1059,2023-06-20,US,Android
1060,2023-06-14,US,Web
1061,2023-12-10,Germany,Android
1062,2023-02-23,Canada,Android
1063,2023-03-24,UK,iOS
1064,2023-06-18,India,iOS
1065,2023-07-30,India,iOS
1066,2023-12-22,UK,Android
1067,2023-09-11,India,Android
1068,2023-05-28,India,Web
1069,2023-12-06,India,Android
1070,2023-07-25,India,iOS
1071,2023-10-09,India,iOS
1072,2023-01-19,India,iOS
1073,2023-08-21,India,Android
1074,2023-02-15,India,Android
1075,2023-06-11,Canada,iOS
1076,2023-05-10,India,Web
1077,2023-06-15,India,Web
1078,2023-03-01,UK,Android
1079,2023-07-26,India,Android
1080,2023-09-21,Canada,Web
1081,2023-01-01,UK,iOS
1082,2023-12-03,India,Web
1083,2023-10-05,India,Android
1084,2023-08-25,Germany,iOS
1085,2023-07-31,Canada,iOS
1086,2023-01-28,US,iOS
1087,2023-04-07,US,Android
1088,2023-09-23,India,Android
1089,2023-07-05,Canada,iOS
1090,2023-11-15,India,Android
1091,2023-09-13,Canada,Android
1092,2023-11-17,US,Web
1093,2023-08-15,US,Android
1094,2023-01-27,US,Web
1095,2023-04-15,India,Android
1096,2023-05-17,India,iOS
1097,2023-10-09,India,Web
1098,2023-03-09,India,Android
1099,2023-05-28,UK,Android
1100,2023-08-13,India,Android
1101,2023-12-24,India,Android
1102,2023-09-06,Canada,iOS
1103,2023-03-04,Germany,Web
1104,2023-01-15,Canada,Android
1105,2023-11-19,Canada,Android
1106,2023-11-08,India,Android
1107,2023-05-03,India,iOS
1108,2023-12-30,UK,Android
1109,2023-03-23,UK,iOS
1110,2023-06-09,India,iOS
1111,2023-10-10,Germany,iOS
1112,2023-01-08,India,Android
1113,2023-10-10,India,iOS
1114,2023-07-28,US,Android
1115,2023-02-17,US,Android
1116,2023-04-26,US,Web
1117,2023-02-28,India,iOS
1118,2023-08-25,Germany,Android
1119,2023-03-02,India,Android
1120,2023-11-28,India,Android
1121,2023-03-20,Germany,Android
1122,2023-09-13,Canada,Android
1123,2023-05-30,Germany,Android
1124,2023-09-18,Germany,Android
1125,2023-12-28,UK,iOS
1126,2023-05-20,US,iOS
1127,2023-08-01,India,iOS
1128,2023-09-05,India,Android
1129,2023-08-30,India,Web
1130,2023-05-05,India,Web
1131,2023-08-22,UK,Web
1132,2023-10-10,US,Web
1133,2023-03-16,India,Web
1134,2023-07-16,India,iOS
1135,2023-04-08,UK,Android
1136,2023-11-03,India,iOS
1137,2023-09-18,Germany,iOS
1138,2023-03-11,US,iOS
1139,2023-02-05,US,iOS
1140,2023-05-22,US,Android
1141,2023-08-01,Germany,Android
1142,2023-06-24,India,Web
1143,2023-09-17,UK,iOS
1144,2023-05-17,US,iOS
1145,2023-01-02,India,Android
1146,2023-05-25,Germany,Android
1147,2023-06-02,UK,Web
1148,2023-10-28,UK,iOS
1149,2023-10-24,Germany,iOS
1150,2023-12-04,Germany,Android
1151,2023-09-08,UK,iOS
1152,2023-03-18,Germany,Android
1153,2023-08-17,UK,iOS
1154,2023-10-03,UK,Android
1155,2023-09-05,US,Android
1156,2023-06-26,UK,iOS
1157,2023-06-20,India,Web
1158,2023-10-10,Germany,Android
1159,2023-10-06,Germany,Web
1160,2023-07-13,India,Android
1161,2023-08-22,Germany,Android
1162,2023-06-14,India,Android
1163,2023-04-07,India,Android
1164,2023-12-24,UK,iOS
1165,2023-05-03,India,Android
1166,2023-10-20,Germany,Android
1167,2023-07-16,Germany,Web
1168,2023-04-30,US,Android
1169,2023-07-30,India,iOS
1170,2023-01-23,India,Android
1171,2023-06-12,US,iOS
1172,2023-08-31,Canada,Android
1173,2023-12-28,US,Android
1174,2023-07-15,India,Android
1175,2023-07-17,US,Android
1176,2023-12-06,US,Android
1177,2023-11-30,UK,iOS
1178,2023-03-19,India,Web
1179,2023-09-11,UK,Web
1180,2023-01-19,US,iOS
1181,2023-03-06,Canada,Android
1182,2023-09-15,India,Android
1183,2023-10-30,US,Android
1184,2023-06-19,Canada,Android
1185,2023-02-21,India,iOS
1186,2023-08-14,Canada,iOS
1187,2023-02-21,UK,Android
1188,2023-09-27,India,Android
1189,2023-08-22,India,Web
1190,2023-01-08,UK,iOS
1191,2023-03-15,India,Android
1192,2023-07-29,US,Web
1193,2023-12-02,India,Web
1194,2023-03-21,US,Android
1195,2023-02-08,India,Android
1196,2023-08-29,Germany,iOS
1197,2023-05-16,Canada,Web
1198,2023-06-23,Canada,Web
1199,2023-11-16,UK,Android
1200,2023-12-21,India,Android
1201,2023-07-23,UK,iOS
1202,2023-11-29,India,iOS
1203,2023-02-11,India,Android
1204,2023-06-18,India,Web
1205,2023-12-12,US,iOS
1206,2023-10-01,UK,Web
1207,2023-07-14,UK,Web
1208,2023-06-12,India,iOS
1209,2023-11-17,India,Android
1210,2023-09-07,Canada,iOS
1211,2023-10-05,India,Android
1212,2023-01-19,US,iOS
1213,2023-11-13,India,Android
1214,2023-02-05,UK,iOS
1215,2023-05-01,UK,Android
1216,2023-11-20,India,Android
1217,2023-12-17,India,Android
1218,2023-05-28,UK,Android
1219,2023-04-27,UK,iOS
1220,2023-02-16,India,iOS
1221,2023-08-11,Canada,iOS
1222,2023-02-20,India,Android
1223,2023-11-21,India,Android
1224,2023-12-27,Canada,Android
1225,2023-02-21,India,Android
1226,2023-08-16,US,Web
1227,2023-03-27,India,Android
1228,2023-12-22,India,Android
1229,2023-06-03,Canada,Android
1230,2023-01-15,India,Android
1231,2023-01-24,Germany,iOS
1232,2023-06-16,India,iOS
1233,2023-01-29,India,Android
1234,2023-05-31,India,Android
1235,2023-07-03,UK,Android
1236,2023-07-11,India,Android
1237,2023-08-09,Germany,Android
1238,2023-03-16,US,Web
1239,2023-05-06,Canada,iOS
1240,2023-09-29,India,iOS
1241,2023-07-30,Germany,Android
1242,2023-10-17,UK,Android
1243,2023-12-16,UK,iOS
1244,2023-04-03,Germany,iOS
1245,2023-03-29,UK,iOS
1246,2023-03-31,US,Android
1247,2023-02-10,India,iOS
1248,2023-11-09,India,Android
1249,2023-07-15,Canada,Web
1250,2023-11-14,US,iOS
1251,2023-12-16,UK,iOS
1252,2023-05-04,US,Android
1253,2023-09-12,India,iOS
1254,2023-10-26,India,Android
1255,2023-03-15,UK,Android
1256,2023-04-29,India,Android
1257,2023-08-25,India,iOS
1258,2023-11-23,US,Android
1259,2023-05-11,India,Android
1260,2023-08-24,US,Web
1261,2023-05-11,India,Android
1262,2023-12-08,UK,iOS
1263,2023-01-05,India,Android
1264,2023-08-27,US,Android
1265,2023-05-28,India,iOS
1266,2023-12-13,India,Android
1267,2023-10-07,India,Android
1268,2023-03-22,US,iOS
1269,2023-02-07,US,iOS
1270,2023-08-15,India,iOS
1271,2023-06-26,UK,Android
1272,2023-10-28,Germany,Android
1273,2023-06-03,UK,iOS
1274,2023-11-24,India,iOS
1275,2023-08-06,US,Web
1276,2023-12-20,India,Web
1277,2023-05-09,India,Web
1278,2023-08-22,Canada,Android
1279,2023-06-04,India,Android
1280,2023-04-12,US,iOS
1281,2023-07-16,US,Android
1282,2023-09-05,UK,Android
1283,2023-02-24,US,Web
1284,2023-05-02,India,Web
1285,2023-07-15,India,Android
1286,2023-10-20,US,Android
1287,2023-07-03,India,Android
1288,2023-10-22,India,Web
1289,2023-06-01,India,Web
1290,2023-12-25,India,Android
1291,2023-06-01,India,Android
1292,2023-01-12,India,Web
1293,2023-12-04,US,Android
1294,2023-07-22,UK,iOS
1295,2023-05-21,Germany,Web
1296,2023-01-05,India,Android
1297,2023-10-17,India,iOS
1298,2023-12-18,India,Android
1299,2023-01-26,US,Android
1300,2023-11-07,UK,Web
1301,2023-09-12,India,Android
1302,2023-05-27,Canada,Web
1303,2023-04-28,India,iOS
1304,2023-11-07,US,Android
1305,2023-06-30,UK,Android
1306,2023-04-23,Germany,Android
1307,2023-11-22,UK,Android
1308,2023-04-08,Germany,Android
1309,2023-11-14,India,Android
1310,2023-05-09,Germany,Android
1311,2023-12-14,India,iOS
1312,2023-12-04,Germany,iOS
1313,2023-12-15,US,iOS
1314,2023-03-12,Germany,Android
1315,2023-11-18,US,Android
1316,2023-02-19,US,iOS
1317,2023-11-18,US,Android
1318,2023-11-27,UK,Android
1319,2023-01-21,India,Web
1320,2023-06-08,India,iOS
1321,2023-08-14,India,iOS
1322,2023-01-18,India,Android
1323,2023-10-24,Germany,iOS
1324,2023-07-06,India,iOS
1325,2023-03-09,Canada,iOS
1326,2023-02-16,India,iOS
1327,2023-06-01,India,Web
1328,2023-06-17,UK,iOS
1329,2023-08-01,UK,Android
1330,2023-03-31,US,iOS
1331,2023-04-13,US,iOS
1332,2023-03-09,UK,iOS
1333,2023-10-04,India,Android
1334,2023-07-07,Canada,Android
1335,2023-09-29,Canada,Web
1336,2023-09-14,UK,iOS
1337,2023-05-20,India,Web
1338,2023-03-26,UK,iOS
1339,2023-05-12,India,iOS
1340,2023-09-04,India,iOS
1341,2023-06-01,India,Web
1342,2023-06-23,US,iOS
1343,2023-02-28,Germany,iOS
1344,2023-08-28,UK,Android
1345,2023-02-08,UK,Android
1346,2023-03-14,India,iOS
1347,2023-04-26,India,Android
1348,2023-12-13,India,Android
1349,2023-12-12,Canada,Android
1350,2023-07-23,India,Android
1351,2023-10-13,Germany,Android
1352,2023-07-07,US,Android
1353,2023-02-16,India,Web
1354,2023-07-22,UK,iOS
1355,2023-01-08,US,Android
1356,2023-05-16,Germany,Android
1357,2023-10-02,Canada,iOS
1358,2023-03-05,India,Android
1359,2023-08-21,India,Web
1360,2023-07-08,US,iOS
1361,2023-12-11,Canada,iOS
1362,2023-12-11,India,Android
1363,2023-05-15,US,iOS
1364,2023-10-27,US,Android
1365,2023-07-15,UK,Web
1366,2023-11-23,India,iOS
1367,2023-07-10,UK,Android
1368,2023-02-25,Canada,Android
1369,2023-12-12,India,Android
1370,2023-04-30,India,iOS
1371,2023-08-30,Canada,Android
1372,2023-01-13,India,iOS
1373,2023-11-14,Germany,Android
1374,2023-10-15,US,iOS
1375,2023-06-17,India,Web
1376,2023-11-09,Germany,iOS
1377,2023-04-24,India,iOS
1378,2023-11-28,US,Android
1379,2023-02-02,India,Android
1380,2023-11-22,US,iOS
1381,2023-08-26,India,Android
1382,2023-12-25,India,Android
1383,2023-06-04,Canada,Android
1384,2023-11-29,India,Android
1385,2023-07-29,UK,Android
1386,2023-03-01,India,Web
1387,2023-03-13,UK,Android
1388,2023-01-24,India,iOS
1389,2023-01-20,Canada,Android
1390,2023-06-05,US,iOS
1391,2023-09-10,India,Android
1392,2023-03-01,India,Web
1393,2023-02-19,India,Web
1394,2023-05-01,US,Android
1395,2023-10-03,India,Web
1396,2023-03-11,Germany,Web
1397,2023-07-18,India,Web
1398,2023-08-21,India,Web
1399,2023-07-09,US,Android
1400,2023-12-10,UK,iOS
1401,2023-12-23,India,Android
1402,2023-10-04,India,Android
1403,2023-08-03,India,Web
1404,2023-10-28,UK,Android
1405,2023-03-21,UK,iOS
1406,2023-08-01,US,Web
1407,2023-12-02,Germany,Web
1408,2023-02-20,Germany,Web
1409,2023-09-08,US,Android
1410,2023-11-12,Germany,Android
1411,2023-07-28,India,Android
1412,2023-05-24,India,Android
1413,2023-01-17,India,Android
1414,2023-12-20,India,Android
1415,2023-07-09,US,iOS
1416,2023-04-22,Canada,iOS
1417,2023-08-16,India,Android
1418,2023-08-16,India,iOS
1419,2023-05-01,US,Android
1420,2023-07-05,Canada,Android
1421,2023-02-20,India,iOS
1422,2023-12-18,US,iOS
1423,2023-07-08,India,iOS
1424,2023-10-06,India,Android
1425,2023-11-27,Canada,Web
1426,2023-07-03,Canada,iOS
1427,2023-02-01,India,iOS
1428,2023-07-23,Canada,iOS
1429,2023-05-22,US,Web
1430,2023-04-08,Germany,iOS
1431,2023-03-04,US,iOS
1432,2023-08-21,US,Web
1433,2023-02-16,US,iOS
1434,2023-12-06,UK,Android
1435,2023-04-19,India,iOS
1436,2023-11-25,India,Android
1437,2023-11-24,India,Android
1438,2023-11-02,UK,iOS
1439,2023-01-11,India,Web
1440,2023-01-26,UK,Web
1441,2023-06-20,Canada,Android
1442,2023-05-05,India,iOS
1443,2023-03-06,UK,Android
1444,2023-10-17,India,Web
1445,2023-04-16,Germany,Web
1446,2023-02-05,India,iOS
1447,2023-10-11,UK,Web
1448,2023-04-17,Germany,iOS
1449,2023-10-28,Canada,iOS
1450,2023-04-21,UK,Android
1451,2023-04-30,US,Android
1452,2023-06-18,US,iOS
1453,2023-03-17,Germany,iOS
1454,2023-11-02,US,Android
1455,2023-01-02,India,Web
1456,2023-05-22,Canada,Android
1457,2023-03-16,UK,iOS
1458,2023-03-08,UK,iOS
1459,2023-10-04,India,iOS
1460,2023-05-09,UK,iOS
1461,2023-03-31,India,Android
1462,2023-02-26,UK,Android
1463,2023-12-05,India,iOS
1464,2023-01-14,UK,iOS
1465,2023-03-09,Canada,Android
1466,2023-01-08,India,iOS
1467,2023-07-03,Canada,Android
1468,2023-05-02,India,iOS
1469,2023-10-29,Germany,Web
1470,2023-06-15,UK,Android
1471,2023-01-09,US,Android
1472,2023-03-31,UK,iOS
1473,2023-05-16,Germany,iOS
1474,2023-01-27,India,iOS
1475,2023-03-06,India,Web
1476,2023-08-04,UK,Web
1477,2023-09-27,Germany,Web
1478,2023-02-28,UK,iOS
1479,2023-02-02,UK,Android
1480,2023-09-01,India,Android
1481,2023-08-18,Germany,Android
1482,2023-07-05,India,iOS
1483,2023-09-20,US,Android
1484,2023-10-31,India,Web
1485,2023-02-25,India,iOS
1486,2023-08-20,India,iOS
1487,2023-09-15,India,Android
1488,2023-04-24,UK,Android
1489,2023-11-11,India,Android
1490,2023-01-23,India,Android
1491,2023-12-04,India,Android
1492,2023-09-24,India,iOS
1493,2023-06-04,India,Web
1494,2023-08-23,India,Web
1495,2023-11-26,US,iOS
1496,2023-01-16,UK,Android
1497,2023-02-01,US,Web
1498,2023-09-03,US,Web
1499,2023-07-25,India,Android
1500,2023-08-07,Germany,iOS
1501,2023-12-18,US,Android
1502,2023-02-25,US,Web
1503,2023-09-09,India,Web
1504,2023-12-31,India,Android
1505,2023-08-16,India,Web
1506,2023-02-07,India,iOS
1507,2023-02-11,US,Web
1508,2023-06-14,US,Android
1509,2023-11-08,US,Web
1510,2023-03-17,UK,Android
1511,2023-02-03,Germany,Android
1512,2023-03-06,UK,Android
1513,2023-05-21,Canada,Web
1514,2023-11-16,India,Web
1515,2023-11-21,India,Web
1516,2023-10-27,India,Web
1517,2023-10-08,US,Android
1518,2023-12-31,Germany,Android
1519,2023-06-16,India,Android
1520,2023-07-15,Canada,Android
1521,2023-11-02,India,Android
1522,2023-09-29,Canada,Android
1523,2023-05-31,India,Android
1524,2023-08-21,India,Android
1525,2023-09-16,US,Android
1526,2023-11-06,India,Android
1527,2023-08-09,India,Web
1528,2023-02-20,India,iOS
1529,2023-12-26,Germany,Web
1530,2023-02-28,US,Android
1531,2023-12-02,India,Android
1532,2023-11-30,US,iOS
1533,2023-10-10,UK,Android
1534,2023-04-21,India,Android
1535,2023-08-09,India,Android
1536,2023-08-20,India,Android
1537,2023-04-27,India,Android
1538,2023-07-31,UK,Android
1539,2023-06-23,India,iOS
1540,2023-08-21,US,Android
1541,2023-07-24,UK,Android
1542,2023-08-01,India,Web
1543,2023-02-18,US,Android
1544,2023-06-10,India,Android
1545,2023-08-07,Canada,Web
1546,2023-06-10,US,Android
1547,2023-12-07,Germany,Android
1548,2023-05-11,US,Android
1549,2023-07-11,India,Android
1550,2023-03-20,US,iOS
1551,2023-12-18,Canada,Web
1552,2023-08-31,US,Android
1553,2023-02-04,Germany,iOS
1554,2023-02-16,Germany,iOS
1555,2023-02-13,India,Android
1556,2023-02-17,India,iOS
1557,2023-08-10,US,Android
1558,2023-02-19,India,Android
1559,2023-07-10,Germany,Android
1560,2023-03-08,Canada,Android
1561,2023-10-12,India,Android
1562,2023-01-31,India,Web
1563,2023-10-28,UK,Android
1564,2023-10-15,India,Android
1565,2023-10-15,Germany,Android
1566,2023-06-18,India,iOS
1567,2023-12-10,UK,iOS
1568,2023-03-04,India,iOS
1569,2023-07-30,US,iOS
1570,2023-07-01,US,Web
1571,2023-12-07,US,Android
1572,2023-08-05,India,iOS
1573,2023-01-27,UK,Web
1574,2023-05-28,Germany,Web
1575,2023-11-04,India,Web
1576,2023-06-09,India,Android
1577,2023-06-30,India,Android
1578,2023-02-23,US,Android
1579,2023-10-23,US,iOS
1580,2023-09-17,US,Android
1581,2023-04-19,India,Android
1582,2023-03-21,India,Web
1583,2023-12-03,US,Android
1584,2023-09-04,US,Web
1585,2023-04-25,Canada,Android
1586,2023-02-25,India,Android
1587,2023-06-29,UK,Android
1588,2023-10-12,India,iOS
1589,2023-07-08,India,Android
1590,2023-02-28,UK,Android
1591,2023-05-23,UK,Web
1592,2023-10-21,Canada,Android
1593,2023-04-26,India,iOS
1594,2023-08-08,India,iOS
1595,2023-10-15,UK,Android
1596,2023-11-15,US,iOS
1597,2023-11-11,India,Android
1598,2023-12-12,India,iOS
1599,2023-11-26,India,Android
1600,2023-10-13,Germany,iOS
1601,2023-01-14,India,Android
1602,2023-11-08,India,iOS
1603,2023-12-03,India,Android
1604,2023-12-22,India,Android
1605,2023-05-17,India,Android
1606,2023-01-15,US,Android
1607,2023-04-03,India,Web
1608,2023-05-20,Germany,Android
1609,2023-12-26,India,Web
1610,2023-06-08,US,Web
1611,2023-06-23,Germany,iOS
1612,2023-06-29,UK,Android
1613,2023-01-04,US,Android
1614,2023-04-03,India,iOS
1615,2023-03-15,India,Android
1616,2023-10-17,UK,Android
1617,2023-12-03,Canada,iOS
1618,2023-07-25,UK,Web
1619,2023-02-05,US,iOS
1620,2023-03-14,UK,Android
1621,2023-11-21,US,iOS
1622,2023-01-16,India,Android
1623,2023-02-16,US,Android
1624,2023-09-29,Canada,Web
1625,2023-04-21,India,Android
1626,2023-07-12,UK,Android
1627,2023-08-03,India,Android
1628,2023-08-21,US,Web
1629,2023-06-24,India,iOS
1630,2023-03-22,US,iOS
1631,2023-07-09,UK,iOS
1632,2023-06-09,India,Android
1633,2023-06-16,UK,Android
1634,2023-10-18,UK,Android
1635,2023-11-02,Canada,Android
1636,2023-02-13,India,Android
1637,2023-01-27,India,Web
1638,2023-03-21,India,Android
1639,2023-03-22,Canada,Android
1640,2023-11-13,Canada,Android
1641,2023-01-26,US,Android
1642,2023-12-12,Germany,Web
1643,2023-02-11,US,Android
1644,2023-05-20,US,Android
1645,2023-08-15,India,iOS
1646,2023-12-05,UK,Android
1647,2023-08-06,India,Android
1648,2023-09-06,Germany,Android
1649,2023-11-07,UK,iOS
1650,2023-08-15,UK,Web
1651,2023-08-01,India,iOS
1652,2023-05-20,India,Android
1653,2023-04-21,India,Web
1654,2023-09-20,India,Android
1655,2023-02-28,India,Android
1656,2023-06-26,Canada,Android
1657,2023-08-09,US,Android
1658,2023-02-26,India,iOS
1659,2023-05-26,India,iOS
1660,2023-12-14,India,Web
1661,2023-12-14,US,iOS
1662,2023-10-31,US,iOS
1663,2023-09-07,Canada,Android
1664,2023-09-27,US,Android
1665,2023-12-08,Canada,iOS
1666,2023-06-07,Germany,Android
1667,2023-01-24,India,Web
1668,2023-04-23,Canada,Android
1669,2023-07-22,India,Android
1670,2023-11-03,Germany,Android
1671,2023-01-29,India,Android
1672,2023-01-04,Germany,Android
1673,2023-04-15,Germany,iOS
1674,2023-06-04,Germany,Android
1675,2023-04-19,UK,iOS
1676,2023-03-12,India,Android
1677,2023-05-11,India,Android
1678,2023-05-29,India,Android
1679,2023-06-17,India,Web
1680,2023-03-03,UK,Android
1681,2023-01-04,India,iOS
1682,2023-09-12,Canada,Android
1683,2023-08-09,US,iOS
1684,2023-03-31,Germany,Android
1685,2023-03-08,India,iOS
1686,2023-07-14,Germany,iOS
1687,2023-09-30,Canada,Web
1688,2023-12-27,US,Android
1689,2023-04-28,US,Android
1690,2023-09-14,UK,Android
1691,2023-10-14,India,Web
1692,2023-12-09,US,iOS
1693,2023-07-01,India,iOS
1694,2023-02-06,India,Android
1695,2023-07-23,India,Android
1696,2023-01-22,India,Android
1697,2023-08-12,India,Web
1698,2023-01-10,India,iOS
1699,2023-08-24,Canada,Web
1700,2023-02-09,US,Android
1701,2023-06-10,Canada,iOS
1702,2023-10-22,India,iOS
1703,2023-08-08,India,Android
1704,2023-10-21,US,Web
1705,2023-07-27,India,Web
1706,2023-12-30,India,Web
1707,2023-11-24,US,iOS
1708,2023-08-02,India,Android
1709,2023-05-29,US,Android
1710,2023-02-28,UK,Web
1711,2023-07-27,India,Android
1712,2023-01-11,India,iOS
1713,2023-06-16,UK,iOS
1714,2023-03-29,US,iOS
1715,2023-11-13,India,Web
1716,2023-08-24,Canada,Android
1717,2023-12-20,India,Android
1718,2023-07-05,UK,Android
1719,2023-02-15,Canada,Android
1720,2023-08-12,India,Android
1721,2023-02-24,India,Android
1722,2023-05-05,India,Web
1723,2023-08-12,India,Web
1724,2023-10-29,India,Android
1725,2023-07-25,UK,Android
1726,2023-09-26,India,Web
1727,2023-02-10,US,Android
1728,2023-07-22,Canada,Android
1729,2023-06-08,Germany,Android
1730,2023-06-23,US,iOS
1731,2023-04-24,India,Android
1732,2023-06-20,US,Web
1733,2023-03-28,US,Android
1734,2023-02-09,India,iOS
1735,2023-09-19,India,Android
1736,2023-11-21,Germany,Android
1737,2023-02-28,India,iOS
1738,2023-09-29,India,iOS
1739,2023-09-19,India,iOS
1740,2023-04-10,India,iOS
1741,2023-06-28,Germany,Web
1742,2023-06-29,UK,Web
1743,2023-11-27,UK,iOS
1744,2023-03-17,India,Android
1745,2023-05-01,India,Android
1746,2023-02-22,US,Android
1747,2023-03-16,India,iOS
1748,2023-05-12,India,Android
1749,2023-04-12,UK,Android
1750,2023-03-30,India,Web
1751,2023-11-05,US,Web
1752,2023-03-20,India,Web
1753,2023-12-02,India,Android
1754,2023-02-08,India,iOS
1755,2023-04-01,Canada,Android
1756,2023-11-18,Germany,Android
1757,2023-09-10,Canada,Android
1758,2023-08-26,US,Android
1759,2023-10-16,India,Android
1760,2023-10-24,US,Web
1761,2023-08-18,US,Android
1762,2023-12-15,Germany,iOS
1763,2023-10-17,India,iOS
1764,2023-11-26,US,Android
1765,2023-11-22,India,Android
1766,2023-11-16,India,Android
1767,2023-06-15,UK,iOS
1768,2023-11-18,US,Android
1769,2023-06-11,India,Android
1770,2023-03-19,India,Android
1771,2023-08-14,US,iOS
1772,2023-02-04,UK,Web
1773,2023-08-29,Germany,Android
1774,2023-08-15,Canada,iOS
1775,2023-11-20,UK,iOS
1776,2023-06-05,India,Web
1777,2023-05-21,UK,Web
1778,2023-10-30,India,iOS
1779,2023-01-29,India,iOS
1780,2023-06-30,Germany,Web
1781,2023-09-17,India,Android
1782,2023-02-07,Canada,Android
1783,2023-06-08,US,Android
1784,2023-08-25,US,Web
1785,2023-08-20,UK,Web
1786,2023-01-20,Germany,Android
1787,2023-01-30,US,iOS
1788,2023-07-08,US,Android
1789,2023-05-27,India,Android
1790,2023-02-09,US,Web
1791,2023-11-27,India,Android
1792,2023-02-16,UK,Android
1793,2023-11-11,US,iOS
1794,2023-11-01,UK,iOS
1795,2023-09-17,India,Android
1796,2023-07-16,India,iOS
1797,2023-08-25,UK,iOS
1798,2023-10-25,India,Android
1799,2023-10-11,India,Android
1800,2023-01-22,India,iOS
1801,2023-08-19,Canada,Android
1802,2023-10-20,UK,Web
1803,2023-11-30,India,Web
1804,2023-04-07,India,Web
1805,2023-06-14,India,Android
1806,2023-11-06,UK,Web
1807,2023-09-01,UK,Android
1808,2023-09-14,India,Android
1809,2023-03-19,India,Android
1810,2023-02-01,India,Android
1811,2023-08-19,UK,iOS
1812,2023-02-22,UK,Android
1813,2023-06-25,India,Android
1814,2023-02-13,India,iOS
1815,2023-09-16,India,Android
1816,2023-11-27,Canada,iOS
1817,2023-03-30,India,Android
1818,2023-01-21,UK,Web
1819,2023-05-07,US,Web
1820,2023-12-29,India,Android
1821,2023-08-13,India,Android
1822,2023-08-13,India,Android
1823,2023-09-26,US,Web
1824,2023-09-25,UK,Android
1825,2023-11-09,US,Android
1826,2023-03-23,US,Android
1827,2023-07-06,India,Android
1828,2023-07-10,Canada,Android
1829,2023-05-25,UK,Web
1830,2023-07-18,India,Android
1831,2023-07-29,Canada,Android
1832,2023-06-23,US,Web
1833,2023-12-14,US,Web
1834,2023-11-03,UK,Android
1835,2023-01-27,Germany,Android
1836,2023-11-20,UK,Android
1837,2023-11-28,India,Web
1838,2023-06-21,India,Android
1839,2023-02-03,Canada,Web
1840,2023-06-18,India,iOS
1841,2023-02-18,India,iOS
1842,2023-10-13,India,Android
1843,2023-12-14,India,Android
1844,2023-07-17,US,Android
1845,2023-05-26,Canada,Android
1846,2023-05-10,India,iOS
1847,2023-12-03,India,Web
1848,2023-11-05,India,iOS
1849,2023-03-18,Germany,iOS
1850,2023-06-20,US,Android
1851,2023-02-11,India,Android
1852,2023-10-26,Germany,Android
1853,2023-12-06,Germany,iOS
1854,2023-03-14,Germany,Web
1855,2023-06-29,Canada,iOS
1856,2023-06-08,India,Android
1857,2023-12-02,UK,Android
1858,2023-12-24,US,iOS
1859,2023-12-06,Germany,Android
1860,2023-07-20,UK,Web
1861,2023-03-08,UK,Web
1862,2023-11-01,UK,iOS
1863,2023-12-29,India,Android
1864,2023-02-13,US,Android
1865,2023-06-08,Canada,Android
1866,2023-10-14,Canada,Android
1867,2023-07-12,India,Android
1868,2023-11-26,India,iOS
1869,2023-06-18,India,iOS
1870,2023-03-07,UK,Android
1871,2023-12-10,Germany,Android
1872,2023-12-26,India,Android
1873,2023-12-17,US,Android
1874,2023-09-27,Germany,Web
1875,2023-02-17,UK,Android
1876,2023-11-27,US,Android
1877,2023-12-10,US,Android
1878,2023-08-05,US,Web
1879,2023-09-18,India,iOS
1880,2023-07-05,US,Android
1881,2023-01-10,UK,iOS
1882,2023-07-05,Germany,iOS
1883,2023-06-08,US,Web
1884,2023-04-03,UK,Android
1885,2023-04-20,India,Web
1886,2023-06-24,US,Web
1887,2023-09-06,India,Web
1888,2023-04-09,India,iOS
1889,2023-04-26,UK,iOS
1890,2023-03-12,Canada,Android
1891,2023-03-21,India,iOS
1892,2023-02-09,India,iOS
1893,2023-06-01,Germany,iOS
1894,2023-02-21,India,Android
1895,2023-09-17,US,iOS
1896,2023-10-04,UK,Web
1897,2023-09-27,US,Android
1898,2023-01-20,India,Web
1899,2023-12-05,India,iOS
1900,2023-06-22,UK,Web
1901,2023-11-13,US,Android
1902,2023-03-09,India,Android
1903,2023-11-02,UK,Web
1904,2023-07-12,India,Android
1905,2023-03-20,UK,Web
1906,2023-03-25,India,Android
1907,2023-04-03,Canada,iOS
1908,2023-12-21,India,Android
1909,2023-11-16,India,iOS
1910,2023-03-26,India,Android
1911,2023-08-13,India,Android
1912,2023-01-23,Germany,Android
1913,2023-07-30,Canada,Android
1914,2023-07-06,India,Web
1915,2023-12-13,India,Web
1916,2023-05-02,UK,Android
1917,2023-08-16,Germany,iOS
1918,2023-11-09,US,Android
1919,2023-05-26,India,iOS
1920,2023-08-18,India,Web
1921,2023-04-30,UK,Web
1922,2023-10-01,India,Android
1923,2023-05-03,US,iOS
1924,2023-06-08,India,Android
1925,2023-08-29,UK,Web
1926,2023-04-10,India,Android
1927,2023-07-08,US,iOS
1928,2023-12-14,US,iOS
1929,2023-10-20,US,iOS
1930,2023-08-14,India,Android
1931,2023-08-25,US,Web
1932,2023-05-25,US,Android
1933,2023-07-15,US,iOS
1934,2023-09-15,US,Android
1935,2023-09-28,UK,Android
1936,2023-08-03,Germany,iOS
1937,2023-03-24,India,Android
1938,2023-04-13,Germany,Android
1939,2023-11-06,US,Android
1940,2023-03-12,India,Android
1941,2023-05-09,India,iOS
1942,2023-01-27,India,Web
1943,2023-11-25,UK,Android
1944,2023-09-04,UK,Android
1945,2023-07-10,UK,Android
1946,2023-10-11,US,Android
1947,2023-02-22,India,iOS
1948,2023-12-31,India,iOS
1949,2023-09-22,India,Android
1950,2023-03-05,India,Android
1951,2023-05-26,India,Android
1952,2023-02-12,India,Web
1953,2023-03-24,US,Web
1954,2023-05-20,UK,Android
1955,2023-08-19,Canada,Android
1956,2023-09-20,Canada,Web
1957,2023-03-17,US,Web
1958,2023-08-12,India,Android
1959,2023-02-16,US,Android
1960,2023-04-24,UK,Android
1961,2023-08-19,India,iOS
1962,2023-06-28,India,Android
1963,2023-01-14,Germany,Android
1964,2023-08-01,India,iOS
1965,2023-01-28,US,Android
1966,2023-07-22,US,iOS
1967,2023-09-15,India,Android
1968,2023-07-11,India,Android
1969,2023-05-01,India,iOS
1970,2023-07-17,India,Android
1971,2023-02-11,India,Web
1972,2023-07-11,Germany,iOS
1973,2023-04-25,India,Android
1974,2023-01-15,US,iOS
1975,2023-06-13,India,Android
1976,2023-02-20,Canada,Web
1977,2023-11-29,India,Android
1978,2023-06-21,India,iOS
1979,2023-03-16,Germany,Android
1980,2023-03-12,Germany,Android
1981,2023-01-20,India,Web
1982,2023-05-27,Germany,Web
1983,2023-08-30,US,Android
1984,2023-12-23,US,Android
1985,2023-03-13,India,Web
1986,2023-12-28,India,Web
1987,2023-08-29,UK,Android
1988,2023-08-18,US,Android
1989,2023-11-12,India,Android
1990,2023-01-03,UK,Web
1991,2023-02-10,UK,Android
1992,2023-01-10,India,Android
1993,2023-05-12,US,iOS
1994,2023-04-21,India,Android
1995,2023-03-18,UK,Android
1996,2023-10-08,UK,Android
1997,2023-11-08,Canada,Android
1998,2023-09-28,India,Android
1999,2023-08-05,India,iOS
2000,2023-02-26,India,Android
